App,Package,Start Time,Duration,Filename,,,,,,,,,,,
Group7,com.example.asu.mc.group7,"Apr 14, 2017 @ 01:08:36 PM",52 sec,,,,,,,,,,,,
,,,,,,,,,,,,,,,
Time  [ms],CPU3 Frequency [kHz],Time  [ms],CPU2 Frequency [kHz],Time  [ms],CPU4 Frequency [kHz],Time  [ms],GPU Load [%],Time  [ms],CPU Load (Normalized) [%],Time  [ms],GPU Frequency [KHz],Time  [ms],CPU Load [%],Time  [ms],CPU1 Frequency [kHz]
0,0,3,810000,4,918000,8,10,17,0,18,320000,23,32,24,918000
102,918000,102,1350000,103,918000,105,7,117,0,119,320000,122,44,124,918000
209,918000,210,918000,212,918000,213,0,229,22,230,320000,233,43,234,1134000
303,1350000,305,918000,306,918000,307,0,318,34,319,320000,322,56,323,1242000
406,1350000,407,918000,408,918000,409,0,421,34,422,320000,426,60,431,918000
507,918000,508,918000,512,918000,521,0,596,32,597,320000,602,67,603,1134000
636,1350000,638,1350000,639,918000,640,0,657,36,658,320000,661,45,662,918000
736,1134000,737,918000,739,918000,741,0,770,24,774,320000,780,56,781,918000
839,918000,844,918000,846,1350000,847,0,862,36,863,450000,867,58,869,1134000
941,918000,942,918000,942,1134000,944,0,958,24,960,450000,964,44,968,1242000
1041,918000,1048,918000,1050,0,1052,0,1072,22,1079,450000,1082,0,1084,918000
1151,918000,1152,384000,1153,0,1154,0,1167,10,1168,450000,1171,29,1173,918000
1252,0,1254,384000,1255,0,1256,0,1267,7,1268,450000,1271,0,1272,810000
1353,0,1354,810000,1355,0,1356,36,1366,10,1367,450000,1370,63,1371,918000
1461,0,1462,1350000,1463,0,1464,36,1475,15,1477,450000,1480,56,1481,918000
1562,0,1563,1134000,1563,0,1564,36,1570,19,1571,450000,1575,64,1579,1350000
1681,0,1682,918000,1683,0,1685,36,1696,12,1698,450000,1703,50,1705,918000
1781,0,1782,918000,1783,0,1784,36,1796,12,1799,450000,1801,47,1802,918000
1919,0,1920,918000,1921,0,1923,36,1931,11,1933,320000,1937,59,1938,918000
2020,0,2022,702000,2023,0,2025,36,2048,10,2050,320000,2058,41,2061,486000
2121,0,2122,918000,2124,0,2126,36,2140,9,2141,320000,2145,50,2146,918000
2175,0,2176,918000,2177,0,2178,36,2189,18,2191,320000,2194,70,2195,918000
2279,0,2280,918000,2281,0,2282,36,2297,11,2298,320000,2302,45,2303,810000
2380,0,2382,594000,2383,0,2390,20,2405,10,2407,320000,2411,59,2413,384000
2480,0,2481,918000,2482,0,2485,20,2499,12,2500,320000,2508,60,2510,918000
2581,0,2583,918000,2584,0,2585,20,2597,14,2599,320000,2604,60,2605,918000
2738,0,2739,918000,2739,0,2740,20,2746,11,2747,320000,2750,48,2751,1350000
2789,0,2790,1134000,2790,0,2791,20,2798,21,2799,200000,2801,72,2801,1350000
2929,0,2930,384000,2930,0,2931,20,2937,11,2939,128000,2941,46,2942,1350000
2979,0,2980,384000,2982,0,2983,20,2997,13,2998,128000,3017,63,3028,1350000
3082,0,3084,384000,3085,0,3089,20,3106,11,3108,128000,3116,61,3118,918000
3207,0,3208,1134000,3209,0,3211,20,3228,14,3229,128000,3234,52,3235,702000
3308,0,3310,486000,3311,0,3314,20,3340,8,3376,128000,3383,58,3385,1134000
3409,0,3409,1134000,3410,0,3411,32,3422,14,3426,128000,3431,60,3433,918000
3510,0,3511,918000,3512,0,3513,32,3524,14,3525,128000,3537,58,3538,918000
3610,0,3611,1134000,3611,0,3612,32,3619,14,3620,128000,3625,47,3627,918000
3711,0,3713,384000,3715,0,3717,32,3737,7,3742,128000,3759,50,3763,486000
3812,0,3814,384000,3816,0,3818,32,3841,9,3842,128000,3845,59,3846,918000
3913,0,3914,384000,3914,0,3918,32,3934,9,3936,128000,3944,50,3947,594000
4084,0,4085,810000,4085,0,4086,32,4092,15,4093,128000,4095,81,4096,1350000
4185,0,4186,384000,4187,0,4189,32,4216,7,4218,128000,4223,36,4268,918000
4317,0,4318,384000,4318,0,4319,32,4328,10,4330,128000,4333,59,4334,1026000
4428,0,4429,384000,4430,0,4431,48,4453,8,4456,128000,4460,52,4461,918000
4472,0,4476,384000,4477,0,4478,48,4487,9,4488,128000,4491,50,4492,918000
4623,0,4624,918000,4625,0,4626,48,4639,10,4640,128000,4643,53,4646,918000
4723,0,4724,918000,4725,0,4726,48,4736,12,4737,128000,4742,43,4743,594000
4824,0,4825,918000,4826,0,4827,48,4860,7,4862,128000,4875,48,4877,384000
4927,0,4928,918000,4929,0,4930,48,4936,10,4937,128000,4939,64,4940,1134000
5026,0,5027,918000,5028,0,5029,48,5039,9,5044,128000,5048,40,5050,918000
5128,0,5129,918000,5130,0,5131,48,5140,11,5141,128000,5149,36,5150,594000
5181,0,5182,594000,5185,0,5187,48,5207,10,5210,128000,5220,71,5222,384000
5281,0,5283,918000,5283,0,5285,48,5296,11,5297,128000,5300,52,5301,918000
5412,0,5413,384000,5413,0,5414,41,5419,17,5420,128000,5421,68,5422,1350000
5513,0,5515,384000,5518,0,5522,41,5562,6,5565,128000,5571,51,5574,384000
5615,0,5615,384000,5616,0,5617,41,5623,12,5626,128000,5628,63,5630,918000
5723,0,5724,1242000,5725,0,5726,41,5739,12,5742,128000,5747,55,5748,918000
5825,0,5827,594000,5828,0,5830,41,5838,9,5839,128000,5842,42,5843,918000
5942,0,5943,918000,5947,0,5948,41,5957,13,5958,128000,5967,54,5969,1134000
6043,0,6050,918000,6051,0,6053,41,6067,9,6068,128000,6071,45,6073,486000
6143,0,6144,918000,6145,0,6147,41,6156,7,6157,128000,6160,29,6165,594000
6244,0,6246,486000,6247,0,6249,41,6272,6,6274,128000,6282,48,6285,384000
6345,0,6346,918000,6347,0,6350,41,6365,8,6373,128000,6380,52,6382,384000
6445,0,6447,918000,6448,0,6451,36,6468,8,6470,128000,6482,44,6484,384000
6546,0,6548,918000,6549,0,6555,36,6568,9,6571,128000,6574,61,6577,384000
6646,0,6647,918000,6648,0,6649,36,6657,10,6659,128000,6662,52,6663,384000
6836,0,6836,1242000,6837,0,6838,33,6854,9,6857,320000,6866,56,6867,384000
6975,0,6976,918000,6977,0,6977,33,6988,10,6989,320000,6995,40,6996,1350000
7023,0,7028,918000,7029,0,7030,33,7038,14,7039,320000,7049,40,7050,918000
7124,0,7125,918000,7125,0,7127,33,7141,11,7142,320000,7146,45,7147,918000
7242,0,7243,918000,7243,0,7245,33,7253,11,7254,320000,7257,45,7264,918000
7344,0,7345,918000,7347,0,7348,33,7356,7,7358,320000,7362,30,7364,594000
7400,0,7401,594000,7402,0,7405,33,7427,11,7428,320000,7431,78,7431,1134000
7497,0,7498,918000,7499,0,7500,33,7509,11,7510,320000,7513,43,7514,918000
7598,0,7599,918000,7600,0,7602,33,7621,10,7623,320000,7626,50,7627,918000
7698,0,7699,918000,7700,0,7701,33,7712,9,7713,320000,7717,47,7718,918000
7799,0,7800,384000,7800,0,7802,33,7811,6,7815,320000,7824,31,7825,918000
7900,0,7901,384000,7902,0,7903,20,7920,8,7931,320000,7938,59,7940,918000
8000,0,8002,384000,8003,0,8005,20,8085,6,8086,200000,8088,48,8089,384000
8133,0,8134,918000,8135,0,8137,20,8167,16,8169,128000,8178,83,8179,1134000
8234,0,8235,918000,8236,0,8243,20,8252,17,8254,128000,8260,46,8261,918000
8334,0,8336,918000,8337,0,8351,20,8411,5,8412,128000,8414,44,8415,1134000
8435,0,8436,918000,8436,0,8438,20,8447,18,8448,128000,8451,71,8453,810000
8535,0,8536,918000,8537,0,8539,20,8547,5,8548,128000,8552,22,8553,918000
8637,0,8639,384000,8640,0,8642,20,8657,11,8659,128000,8665,45,8717,918000
8767,0,8768,1242000,8768,0,8769,20,8778,12,8780,128000,8784,58,8785,918000
8868,0,8869,384000,8877,0,8879,37,8950,8,8952,128000,8959,48,8959,486000
8987,0,8988,918000,8988,0,8989,37,9010,13,9011,128000,9014,60,9015,918000
9091,0,9092,918000,9093,0,9094,37,9113,13,9115,128000,9182,52,9183,1350000
9230,918000,9231,1350000,9231,1350000,9232,37,9242,28,9243,128000,9246,0,9246,1350000
9330,1350000,9331,918000,9332,1350000,9333,37,9347,27,9348,128000,9351,42,9352,918000
9381,1350000,9382,918000,9383,1350000,9384,37,9399,23,9403,128000,9406,42,9407,918000
9482,918000,9483,918000,9484,918000,9485,37,9498,8,9499,128000,9502,11,9503,384000
9583,0,9586,918000,9588,0,9591,37,9602,9,9603,128000,9607,0,9608,384000
9683,0,9691,486000,9692,0,9694,37,9716,8,9719,128000,9725,60,9727,384000
9783,0,9784,918000,9784,0,9786,37,9792,8,9793,128000,9795,57,9796,1134000
9885,0,9888,702000,9888,0,9890,43,9901,8,9902,128000,9907,45,9908,384000
10097,0,10098,918000,10098,0,10100,43,10111,9,10112,128000,10115,53,10117,1242000
10230,0,10231,918000,10232,0,10237,43,10245,13,10246,128000,10253,50,10254,1242000
10280,0,10281,918000,10283,0,10285,43,10294,8,10297,128000,10307,40,10308,810000
10381,0,10382,918000,10383,0,10384,43,10400,12,10401,128000,10409,52,10410,918000
10504,0,10505,918000,10505,0,10507,43,10517,15,10518,128000,10521,52,10522,918000
10605,0,10606,384000,10608,0,10609,43,10621,8,10622,128000,10646,50,10651,384000
10655,0,10659,702000,10660,0,10662,43,10677,13,10678,128000,10682,75,10683,702000
10755,0,10756,918000,10757,0,10758,43,10769,7,10771,128000,10774,35,10775,918000
10857,0,10859,486000,10860,0,10862,40,10876,8,10877,128000,10881,47,10882,918000
10958,0,10959,918000,10959,0,10960,40,10969,9,10971,128000,10976,42,10977,918000
11058,0,11060,384000,11061,0,11064,40,11081,9,11082,128000,11085,45,11085,918000
11159,0,11160,486000,11162,0,11165,40,11178,12,11179,128000,11181,52,11182,1134000
11259,0,11260,918000,11261,0,11263,40,11278,7,11312,128000,11315,44,11315,702000
11363,0,11363,1350000,11364,0,11365,40,11371,20,11372,128000,11377,58,11378,918000
11463,0,11465,486000,11466,0,11474,40,11512,5,11556,128000,11558,51,11559,702000
11606,0,11607,1350000,11607,0,11608,40,11614,16,11615,128000,11616,60,11617,918000
11706,0,11709,384000,11710,0,11712,40,11729,7,11730,128000,11733,31,11735,918000
11837,0,11838,918000,11839,0,11841,40,11866,9,11867,128000,11871,48,11872,918000
11884,0,11885,918000,11886,0,11886,39,11892,18,11893,128000,11895,33,11895,1350000
11985,0,11986,918000,11987,0,11988,39,11997,8,11998,128000,12000,26,12001,918000
12086,0,12087,594000,12088,0,12089,39,12099,7,12100,128000,12103,44,12104,918000
12186,0,12187,384000,12188,0,12189,39,12199,9,12200,128000,12204,44,12205,918000
12287,0,12288,384000,12289,0,12290,39,12301,8,12302,128000,12306,60,12307,918000
12388,0,12389,1134000,12389,0,12390,39,12400,11,12401,128000,12404,60,12405,918000
12488,0,12490,486000,12490,0,12491,39,12500,9,12501,128000,12505,45,12506,918000
12589,0,12590,918000,12591,0,12654,39,12680,15,12680,200000,12682,72,12683,1350000
12689,0,12690,1350000,12690,0,12697,39,12715,32,12716,200000,12718,0,12719,1350000
12790,1134000,12791,1134000,12792,1134000,12792,39,12803,24,12804,200000,12807,70,12808,1134000
12891,1350000,12891,1350000,12892,1350000,12893,46,12904,62,12907,200000,12909,92,12910,1350000
12991,1350000,12992,1350000,12993,1134000,12994,46,13003,66,13004,200000,13006,92,13007,1350000
13092,1134000,13093,918000,13094,918000,13095,46,13106,35,13107,200000,13110,48,13111,1350000
13193,1350000,13194,1242000,13194,1242000,13195,46,13207,50,13208,200000,13210,86,13211,1350000
13313,918000,13314,918000,13315,1350000,13316,46,13328,37,13329,200000,13333,51,13334,918000
13414,918000,13415,918000,13416,918000,13417,46,13431,9,13433,200000,13436,23,13436,918000
13546,918000,13547,810000,13548,0,13549,46,13562,11,13563,128000,13567,0,13569,810000
13647,918000,13648,1134000,13649,0,13650,46,13661,25,13662,128000,13666,76,13667,918000
13769,918000,13770,1350000,13770,1134000,13771,46,13787,22,13789,128000,13797,0,13798,918000
13869,918000,13870,918000,13871,918000,13872,46,13888,11,13889,128000,13892,18,13893,918000
13970,918000,13971,384000,13971,0,13972,30,13991,7,13993,128000,13999,0,14001,486000
14070,918000,14072,702000,14073,0,14075,30,14093,11,14094,128000,14097,46,14099,918000
14171,918000,14171,1350000,14172,0,14173,30,14188,20,14189,128000,14193,39,14194,918000
14272,594000,14274,384000,14276,0,14278,30,14309,8,14312,128000,14318,34,14320,384000
14375,384000,14377,384000,14378,0,14381,30,14398,8,14400,128000,14408,46,14410,384000
14474,702000,14475,384000,14477,0,14479,30,14498,7,14500,128000,14505,34,14507,384000
14525,918000,14526,702000,14527,0,14529,30,14585,8,14587,128000,14593,53,14594,384000
14624,1350000,14625,918000,14626,0,14627,30,14638,18,14639,128000,14642,35,14644,384000
14729,918000,14730,918000,14731,0,14732,30,14744,8,14745,128000,14748,34,14749,384000
14830,918000,14831,918000,14831,0,14833,30,14844,11,14845,128000,14847,33,14848,918000
14947,0,14948,918000,14949,0,14950,38,14958,12,14959,128000,14962,0,14963,1350000
15048,0,15049,918000,15050,0,15051,38,15062,8,15064,128000,15068,35,15073,486000
15175,0,15177,1134000,15179,0,15181,38,15199,12,15201,128000,15211,70,15213,384000
15276,0,15277,1134000,15277,0,15279,38,15287,10,15289,128000,15292,41,15293,918000
15400,0,15401,918000,15402,0,15403,38,15413,13,15414,128000,15416,52,15417,1242000
15501,0,15503,918000,15504,0,15505,38,15513,8,15520,128000,15526,36,15527,918000
15602,0,15603,918000,15611,0,15613,38,15630,9,15632,128000,15639,45,15640,384000
15702,0,15703,1350000,15705,0,15708,38,15727,8,15729,128000,15744,44,15746,384000
15802,0,15804,1134000,15806,0,15807,38,15821,8,15823,128000,15834,35,15836,384000
15903,0,15904,918000,15905,0,15906,38,15914,8,15915,128000,15918,52,15919,384000
16004,0,16005,918000,16006,0,16007,33,16015,8,16016,128000,16019,52,16020,384000
16104,0,16105,594000,16106,0,16108,33,16118,7,16120,128000,16124,47,16127,384000
16241,0,16241,1134000,16242,0,16243,33,16266,10,16274,128000,16276,57,16276,384000
16291,0,16292,1350000,16292,0,16293,33,16298,14,16299,128000,16301,40,16301,384000
16392,0,16393,918000,16393,0,16395,33,16405,7,16406,128000,16409,50,16410,384000
16533,0,16534,1350000,16534,0,16535,33,16540,12,16541,128000,16543,62,16543,384000
16634,0,16636,384000,16638,0,16640,33,16680,7,16681,128000,16683,62,16684,1134000
16760,0,16771,918000,16773,0,16779,33,16790,17,16791,128000,16793,66,16794,1350000
16811,0,16812,918000,16813,0,16813,33,16822,17,16825,128000,16830,57,16836,918000
16914,0,16916,918000,16917,0,16919,33,16932,6,16934,128000,16942,31,16945,384000
17015,0,17017,1134000,17018,0,17026,36,17037,11,17038,128000,17043,60,17044,918000
17116,0,17117,918000,17118,0,17119,36,17128,9,17133,128000,17136,42,17142,384000
17217,0,17218,918000,17218,0,17220,36,17229,8,17230,128000,17235,50,17236,702000
17318,0,17319,918000,17320,0,17321,36,17330,7,17331,128000,17334,31,17335,918000
17418,0,17419,384000,17420,0,17421,36,17430,8,17432,128000,17435,57,17437,810000
17519,0,17520,384000,17520,0,17521,36,17582,10,17583,128000,17585,56,17586,1350000
17620,0,17621,384000,17622,0,17628,36,17639,15,17640,128000,17645,66,17647,810000
17720,0,17721,918000,17722,0,17723,36,17733,13,17734,128000,17737,57,17738,918000
17820,0,17822,918000,17823,0,17824,36,17832,5,17833,128000,17836,30,17837,384000
17921,0,17921,1350000,17922,0,17923,36,17933,15,17934,128000,17937,71,17938,1026000
18021,0,18022,1242000,18022,0,18023,39,18032,13,18033,128000,18044,47,18045,918000
18122,0,18123,918000,18124,0,18127,39,18141,8,18143,128000,18149,33,18153,918000
18281,0,18282,1134000,18283,0,18283,39,18289,13,18290,128000,18292,57,18292,918000
18382,0,18384,384000,18385,0,18388,39,18405,5,18408,128000,18419,41,18420,918000
18498,0,18499,918000,18500,0,18502,39,18512,14,18519,128000,18522,50,18523,918000
18549,0,18549,918000,18550,0,18551,39,18559,14,18561,128000,18564,55,18565,1134000
18649,0,18650,918000,18651,0,18652,39,18664,11,18665,128000,18668,47,18669,702000
18780,0,18781,1350000,18781,0,18782,39,18788,12,18788,128000,18791,61,18792,384000
18881,0,18882,918000,18883,0,18884,39,18891,10,18893,128000,18896,42,18897,918000
18982,0,18983,486000,18985,0,18986,39,19001,8,19004,128000,19010,45,19015,918000
19082,0,19083,918000,19084,0,19085,39,19094,10,19096,128000,19099,37,19100,918000
19182,0,19183,918000,19184,0,19185,39,19192,16,19194,128000,19196,63,19197,1350000
19283,0,19284,918000,19285,0,19286,39,19294,8,19295,128000,19298,26,19305,918000
19384,0,19385,918000,19385,0,19387,39,19397,11,19398,128000,19400,52,19401,918000
19484,0,19485,1134000,19485,0,19486,39,19495,9,19496,128000,19498,52,19499,918000
19649,0,19650,1134000,19650,0,19651,39,19666,11,19666,128000,19669,53,19671,918000
19750,0,19752,384000,19753,0,19755,39,19774,9,19776,128000,19823,40,19825,918000
19870,0,19871,918000,19871,0,19872,39,19881,17,19882,128000,19885,57,19886,1134000
19970,0,19971,918000,19972,0,19974,39,19984,6,19987,128000,19990,30,19991,384000
20107,0,20108,1134000,20109,0,20110,39,20115,14,20116,128000,20118,61,20119,918000
20157,0,20158,918000,20158,0,20160,39,20171,5,20172,128000,20176,41,20179,384000
20257,0,20258,918000,20259,0,20260,39,20266,13,20267,128000,20269,52,20273,1134000
20362,0,20364,810000,20365,0,20367,39,20398,6,20401,128000,20428,43,20429,1134000
20462,0,20463,1134000,20464,0,20465,39,20470,12,20471,128000,20474,57,20475,1134000
20564,0,20566,384000,20567,0,20568,39,20583,8,20584,128000,20587,48,20588,918000
20664,0,20665,384000,20666,0,20667,39,20677,9,20678,128000,20681,50,20682,918000
20765,0,20769,384000,20771,0,20773,39,20783,7,20784,128000,20786,57,20787,1134000
20865,0,20868,384000,20869,0,20870,39,20936,9,20937,128000,20940,59,20941,918000
20978,0,20979,918000,20980,0,20980,39,20988,16,20989,128000,20991,44,20991,1134000
21078,0,21080,384000,21081,0,21083,44,21102,9,21106,128000,21110,44,21112,702000
21179,0,21180,594000,21190,0,21241,44,21251,11,21252,128000,21254,58,21255,918000
21279,0,21280,1350000,21281,0,21281,44,21287,17,21287,128000,21289,62,21290,918000
21382,0,21383,486000,21385,0,21387,44,21402,6,21404,128000,21410,34,21413,918000
21482,0,21483,702000,21484,0,21486,44,21501,7,21502,128000,21505,35,21506,918000
21596,0,21598,1350000,21598,0,21612,44,21625,16,21627,128000,21630,58,21631,918000
21697,0,21698,918000,21699,0,21700,44,21709,11,21711,128000,21715,31,21717,918000
21798,0,21799,918000,21799,0,21800,44,21855,10,21856,128000,21859,50,21861,702000
21902,0,21903,1134000,21903,0,21904,33,21910,14,21910,320000,21912,62,21914,918000
22005,0,22005,1242000,22006,0,22007,33,22012,7,22013,320000,22017,28,22018,918000
22123,0,22126,1242000,22128,0,22129,33,22138,12,22141,320000,22144,58,22146,918000
22224,0,22225,918000,22225,0,22226,33,22234,10,22235,320000,22240,43,22242,384000
22275,0,22277,1134000,22278,0,22279,33,22284,16,22285,320000,22288,87,22291,384000
22377,0,22378,1350000,22379,0,22379,33,22385,9,22386,320000,22387,47,22388,384000
22478,0,22479,918000,22480,0,22481,33,22490,8,22493,320000,22496,50,22497,384000
22578,0,22579,918000,22580,0,22581,33,22589,10,22590,200000,22595,61,22596,384000
22679,0,22680,918000,22681,0,22682,33,22690,8,22691,128000,22695,45,22696,384000
22780,0,22781,1350000,22781,0,22793,33,22812,19,22813,128000,22822,89,22822,1134000
22955,1134000,22956,1350000,22956,0,22957,34,22970,32,22971,128000,22973,0,22974,918000
23007,1350000,23007,1350000,23008,0,23009,34,23017,40,23018,128000,23021,73,23022,918000
23182,918000,23183,918000,23184,0,23186,34,23195,23,23197,128000,23200,47,23202,918000
23284,0,23286,594000,23297,0,23311,34,23320,14,23321,128000,23334,0,23335,1350000
23384,918000,23384,1350000,23385,0,23386,34,23393,28,23394,128000,23396,0,23397,1350000
23486,918000,23487,918000,23488,0,23489,34,23499,14,23500,128000,23504,32,23505,918000
23587,918000,23588,918000,23589,0,23591,34,23614,10,23616,128000,23621,35,23624,486000
23687,0,23688,918000,23689,0,23690,34,23698,11,23699,128000,23702,0,23704,918000
23788,0,23789,702000,23790,0,23792,34,23808,10,23812,128000,23817,53,23818,486000
23889,0,23890,384000,23891,0,23893,42,23911,8,23916,128000,23921,55,23923,486000
23989,0,23990,384000,23991,0,23993,42,24006,11,24009,128000,24014,52,24016,918000
24089,0,24090,1134000,24090,0,24091,42,24097,10,24098,200000,24100,55,24102,1134000
24219,0,24220,1134000,24221,0,24221,42,24227,17,24231,200000,24233,59,24234,1242000
24270,0,24270,1350000,24271,0,24271,42,24278,14,24280,200000,24284,33,24285,918000
24370,0,24371,918000,24372,0,24373,42,24387,9,24390,200000,24393,40,24399,918000
24492,0,24493,810000,24494,0,24495,42,24504,12,24507,200000,24510,52,24516,918000
24592,0,24593,918000,24594,0,24595,42,24606,8,24608,200000,24616,36,24617,918000
24695,0,24698,384000,24700,0,24702,42,24783,7,24784,200000,24786,42,24787,918000
24831,0,24832,918000,24833,0,24834,36,24842,16,24849,320000,24855,63,24856,918000
24933,0,24934,918000,24935,0,24936,36,24952,12,24953,320000,24958,47,24959,918000
25034,0,25036,384000,25038,0,25040,36,25078,7,25079,320000,25084,47,25085,1134000
25134,0,25135,918000,25136,0,25137,36,25147,10,25148,320000,25153,42,25154,918000
25235,0,25236,918000,25236,0,25238,36,25259,10,25265,320000,25271,44,25273,918000
25335,0,25336,384000,25337,0,25338,36,25349,10,25351,320000,25354,43,25355,918000
25440,0,25441,384000,25442,0,25449,36,25471,9,25472,320000,25480,62,25481,918000
25488,0,25488,1134000,25490,0,25491,36,25500,17,25501,320000,25503,75,25504,918000
25691,0,25692,1242000,25693,0,25694,27,25699,9,25700,450000,25702,38,25702,918000
25841,0,25842,1134000,25843,0,25843,27,25851,7,25852,450000,25855,34,25857,918000
25892,0,25894,918000,25895,0,25896,27,25906,16,25912,450000,25916,75,25918,918000
25992,0,25993,918000,25994,0,25995,27,26002,6,26003,450000,26006,11,26008,918000
26123,0,26124,918000,26125,0,26130,16,26145,12,26147,320000,26150,60,26151,918000
26228,0,26229,918000,26230,0,26232,16,26262,10,26263,320000,26266,38,26267,918000
26324,0,26327,918000,26328,0,26329,16,26342,6,26345,320000,26351,35,26353,918000
26425,0,26427,384000,26428,0,26431,16,26446,11,26457,320000,26464,54,26467,594000
26526,0,26527,702000,26528,0,26530,16,26545,11,26547,320000,26551,55,26552,918000
26577,0,26578,1134000,26578,0,26579,16,26585,18,26586,320000,26588,57,26589,1134000
26677,0,26678,918000,26678,0,26680,16,26691,10,26693,320000,26696,40,26697,918000
26778,0,26779,1134000,26779,0,26780,16,26786,13,26787,320000,26789,44,26790,1134000
26952,0,26953,918000,26954,0,26955,16,26961,19,26962,320000,26968,62,26969,1350000
27056,918000,27057,1350000,27059,918000,27060,23,27073,30,27074,320000,27076,0,27077,1350000
27162,1350000,27162,1350000,27163,918000,27164,23,27179,55,27180,200000,27182,75,27183,1350000
27212,918000,27213,1026000,27214,1350000,27214,23,27222,37,27223,200000,27226,65,27227,1350000
27313,918000,27314,918000,27314,918000,27315,23,27326,33,27327,450000,27330,52,27331,1350000
27474,918000,27475,918000,27476,918000,27477,23,27490,34,27491,450000,27494,57,27495,1350000
27577,918000,27578,918000,27579,918000,27579,23,27591,34,27592,450000,27594,56,27595,1350000
27629,918000,27629,918000,27630,918000,27631,23,27644,27,27645,450000,27648,47,27649,1350000
27730,918000,27731,918000,27732,918000,27733,23,27749,11,27751,450000,27754,24,27755,810000
27832,918000,27833,486000,27841,0,27843,23,27865,10,27867,450000,27875,0,27876,1242000
27931,918000,27932,918000,27932,0,27934,23,27948,11,27950,450000,27955,31,27956,810000
28031,0,28032,918000,28033,0,28043,30,28054,11,28057,450000,28062,0,28064,384000
28131,0,28132,918000,28133,0,28141,30,28192,13,28192,450000,28195,64,28195,1134000
28246,918000,28247,918000,28248,0,28249,30,28264,20,28265,450000,28273,0,28274,918000
28347,918000,28348,918000,28348,0,28350,30,28360,16,28361,450000,28364,44,28366,918000
28447,1134000,28448,918000,28448,0,28449,30,28506,10,28507,450000,28510,37,28511,918000
28548,918000,28549,918000,28553,0,28554,30,28571,21,28573,450000,28577,52,28579,918000
28654,918000,28655,918000,28655,0,28656,30,28676,14,28677,450000,28680,44,28681,918000
28797,1134000,28798,1134000,28799,0,28802,30,28828,33,28828,450000,28855,0,28855,1350000
28859,1134000,28860,1350000,28861,1134000,28862,30,28876,34,28876,450000,28878,85,28879,1350000
28947,1134000,28949,1350000,28962,1350000,28963,30,28976,57,28977,450000,28979,84,28980,1350000
29083,918000,29084,1350000,29085,1350000,29086,29,29106,52,29107,450000,29110,79,29112,1350000
29184,918000,29185,918000,29192,1350000,29194,29,29221,42,29225,450000,29228,68,29230,1242000
29288,918000,29289,918000,29289,1350000,29293,29,29322,49,29323,450000,29326,82,29327,1350000
29388,1242000,29388,918000,29389,1350000,29390,29,29422,47,29426,450000,29432,68,29435,1026000
29492,918000,29493,1350000,29494,918000,29495,29,29519,38,29521,450000,29524,62,29525,918000
29590,1350000,29591,1134000,29591,918000,29592,29,29612,32,29613,450000,29623,50,29625,1350000
29690,1350000,29692,918000,29692,918000,29694,29,29706,35,29707,450000,29709,57,29710,1350000
29840,1350000,29841,918000,29842,918000,29842,29,29852,33,29853,450000,29856,53,29857,1350000
29940,1350000,29941,918000,29942,918000,29943,29,29952,26,29953,450000,29955,51,29956,918000
30072,1350000,30075,918000,30076,1350000,30077,33,30089,24,30090,450000,30096,41,30097,918000
30124,918000,30125,1350000,30125,0,30126,33,30139,12,30141,450000,30144,0,30152,918000
30229,1350000,30230,918000,30230,0,30231,33,30241,21,30242,450000,30244,53,30250,918000
30346,918000,30348,918000,30349,0,30353,33,30369,13,30371,450000,30377,38,30379,918000
30451,918000,30452,918000,30453,0,30454,33,30462,26,30463,450000,30473,69,30474,1350000
30502,918000,30502,918000,30503,0,30504,33,30519,29,30520,450000,30522,60,30522,1350000
30602,918000,30603,1350000,30604,0,30605,33,30615,24,30616,450000,30618,60,30619,918000
30754,918000,30755,918000,30756,0,30757,33,30770,22,30771,450000,30775,51,30776,918000
30854,918000,30855,1350000,30856,0,30857,15,30865,26,30866,320000,30871,56,30872,918000
30955,918000,30956,1350000,30956,0,30957,15,30965,24,30966,320000,30968,57,30969,918000
31055,918000,31056,1350000,31057,0,31058,15,31066,27,31067,320000,31069,63,31070,1350000
31200,1350000,31201,918000,31201,0,31202,15,31208,30,31209,320000,31218,67,31218,1350000
31300,1026000,31301,918000,31302,0,31303,15,31310,25,31311,320000,31313,50,31314,1350000
31433,918000,31434,1350000,31434,1350000,31435,15,31449,31,31450,320000,31462,0,31463,918000
31534,918000,31535,918000,31536,1350000,31537,15,31546,26,31547,320000,31551,48,31553,1350000
31668,918000,31669,918000,31670,918000,31671,17,31685,22,31686,320000,31690,48,31691,384000
31718,1350000,31719,1350000,31720,918000,31721,0,31732,34,31734,320000,31737,50,31738,384000
31819,1350000,31819,1026000,31820,918000,31821,0,31835,24,31836,320000,31839,39,31840,384000
31932,1134000,31932,1242000,32014,1134000,32015,0,32023,25,32024,320000,32026,50,32027,1134000
32032,1134000,32033,1134000,32033,1350000,32034,0,32043,38,32051,320000,32059,66,32084,1134000
32132,1350000,32133,1134000,32134,1134000,32134,0,32146,41,32161,320000,32163,80,32164,1350000
32233,1134000,32234,918000,32234,918000,32235,17,32253,50,32283,320000,32288,66,32289,918000
32333,918000,32334,918000,32335,1242000,32338,0,32362,33,32363,320000,32365,70,32365,1242000
32434,1350000,32435,918000,32445,1350000,32446,0,32461,46,32463,320000,32467,73,32468,1026000
32534,1350000,32535,918000,32536,918000,32537,0,32548,40,32550,320000,32552,55,32553,918000
32634,1026000,32635,918000,32636,918000,32637,0,32650,27,32651,320000,32653,50,32654,1350000
32735,918000,32736,1350000,32737,918000,32738,0,32748,25,32749,320000,32752,44,32753,918000
32835,918000,32836,918000,32837,1242000,32837,0,32845,35,32848,320000,32850,57,32850,918000
32936,918000,32937,918000,32937,918000,32938,0,32948,16,32949,320000,32951,34,32952,918000
33044,1350000,33044,1350000,33045,918000,33046,34,33054,18,33057,320000,33059,0,33060,918000
33144,918000,33145,918000,33146,0,33147,34,33159,14,33161,320000,33163,41,33164,918000
33245,384000,33245,918000,33246,0,33247,0,33269,23,33305,320000,33314,65,33315,1350000
33345,384000,33346,1350000,33346,0,33347,0,33354,31,33355,320000,33357,80,33357,1350000
33454,384000,33455,918000,33456,0,33456,0,33462,23,33463,320000,33465,56,33465,1350000
33546,384000,33547,918000,33548,0,33549,1,33561,21,33562,320000,33564,62,33566,1350000
33655,1134000,33656,1350000,33657,0,33657,1,33673,25,33674,320000,33677,68,33678,918000
33756,1350000,33756,918000,33757,0,33758,1,33772,26,33773,320000,33776,58,33777,918000
33856,1350000,33857,918000,33857,0,33859,1,33866,24,33867,320000,33869,48,33871,918000
33956,1350000,33957,918000,33958,0,33959,1,33966,22,33967,320000,33969,46,33970,918000
34064,0,34065,918000,34065,0,34066,3,34110,9,34115,320000,34129,0,34132,1350000
34139,0,34140,1134000,34141,0,34143,0,34150,26,34151,320000,34154,100,34161,1350000
34244,1350000,34245,918000,34247,918000,34248,0,34256,8,34257,320000,34259,0,34260,918000
34345,918000,34345,1350000,34346,918000,34347,1,34359,24,34363,320000,34366,48,34374,1350000
34445,918000,34446,1350000,34446,918000,34447,1,34460,23,34462,320000,34465,0,34466,918000
34607,1350000,34608,918000,34609,0,34610,0,34618,28,34619,320000,34621,65,34622,918000
34657,1350000,34658,918000,34659,0,34659,0,34669,20,34670,320000,34672,50,34674,918000
34758,1350000,34759,918000,34759,0,34760,1,34769,22,34770,320000,34773,46,34774,918000
34859,594000,34859,918000,34860,0,34861,1,34883,12,34885,320000,34945,39,34946,918000
34959,810000,34960,702000,34961,0,34962,0,34972,13,34975,320000,34977,50,34978,918000
35065,384000,35067,918000,35069,0,35071,1,35146,15,35152,320000,35158,60,35160,1134000
35165,1134000,35169,918000,35170,0,35172,0,35180,27,35181,320000,35186,50,35187,1242000
35316,1350000,35317,918000,35317,0,35318,1,35326,22,35327,320000,35330,48,35330,918000
35366,1350000,35367,918000,35368,0,35369,1,35378,19,35379,320000,35381,42,35382,918000
35467,1350000,35468,918000,35468,0,35469,1,35477,17,35477,320000,35480,36,35480,918000
35568,384000,35570,918000,35570,0,35571,1,35582,2,35586,320000,35589,14,35590,918000
35669,0,35670,384000,35671,0,35672,0,35690,7,35693,320000,35701,0,35703,384000
35770,0,35772,1134000,35773,0,35775,0,35790,9,35793,320000,35802,55,35804,384000
35876,0,35877,918000,35879,0,35892,1,35912,4,35924,320000,35928,41,35929,1134000
35972,0,35973,918000,35974,0,35975,0,35983,6,35984,320000,35987,30,35988,486000
36073,0,36077,384000,36079,0,36082,0,36116,7,36118,320000,36132,45,36133,384000
36174,0,36175,1134000,36176,0,36177,2,36192,8,36196,320000,36205,46,36208,384000
36278,0,36280,384000,36281,0,36284,2,36298,5,36300,320000,36305,35,36307,384000
36381,0,36382,384000,36384,0,36386,1,36401,6,36405,320000,36410,42,36413,918000
36485,0,36487,384000,36488,0,36490,1,36516,7,36518,320000,36538,47,36539,918000
36586,0,36587,486000,36588,0,36590,1,36615,6,36617,320000,36621,42,36623,918000
36687,0,36688,384000,36690,0,36693,1,36772,9,36773,320000,36778,50,36779,918000
36787,0,36787,702000,36788,0,36789,1,36797,16,36798,320000,36802,50,36803,1350000
36888,0,36890,384000,36892,0,36894,1,36911,8,36914,320000,36926,45,36929,702000
36988,0,36989,918000,36990,0,36991,0,36999,8,37000,320000,37002,47,37008,918000
37089,0,37091,384000,37093,0,37095,1,37122,7,37130,320000,37145,48,37148,384000
37190,0,37190,918000,37191,0,37192,0,37210,8,37211,320000,37216,41,37217,384000
37291,0,37293,384000,37295,0,37297,0,37329,6,37331,320000,37335,56,37336,1134000
37391,0,37392,918000,37393,0,37394,1,37401,14,37402,320000,37406,38,37408,918000
37491,0,37492,918000,37493,0,37498,1,37535,4,37538,320000,37541,46,37546,702000
37592,0,37596,918000,37597,0,37598,0,37608,13,37612,320000,37616,46,37617,918000
37692,0,37693,918000,37694,0,37695,0,37703,7,37704,320000,37706,29,37707,918000
37798,0,37800,384000,37802,0,37806,0,37821,6,37824,320000,37829,43,37830,702000
37893,0,37894,918000,37895,0,37896,0,37906,7,37908,320000,37913,16,37915,918000
37994,0,37995,918000,37996,0,37997,0,38016,4,38022,320000,38031,42,38032,702000
38094,0,38096,918000,38096,0,38097,0,38105,7,38106,320000,38108,15,38110,918000
38195,0,38198,384000,38200,0,38202,1,38219,6,38221,320000,38227,40,38228,702000
38295,0,38296,918000,38297,0,38298,0,38306,6,38308,320000,38311,28,38313,918000
38397,0,38398,384000,38400,0,38402,1,38429,5,38431,320000,38438,34,38440,702000
38501,0,38503,384000,38504,0,38505,0,38522,6,38524,320000,38527,50,38528,810000
38602,0,38604,384000,38606,0,38608,0,38650,4,38651,320000,38655,38,38656,702000
38721,0,38730,384000,38735,0,38744,1,38754,11,38756,320000,38759,65,38760,810000
38804,0,38805,1134000,38806,0,38807,1,38815,10,38817,320000,38820,41,38822,918000
38908,0,38909,918000,38910,0,38912,0,38927,5,38930,320000,38936,26,38938,384000
39008,0,39010,918000,39011,0,39013,0,39026,3,39029,320000,39034,31,39036,384000
39109,0,39110,918000,39112,0,39114,1,39128,4,39130,320000,39136,36,39138,384000
39214,0,39216,918000,39217,0,39219,0,39265,5,39268,320000,39273,48,39275,384000
39314,0,39315,918000,39316,0,39317,0,39329,10,39331,320000,39334,40,39336,918000
39415,0,39416,384000,39417,0,39419,1,39435,3,39437,320000,39440,30,39441,918000
39516,0,39517,384000,39518,0,39519,0,39533,6,39535,320000,39542,33,39543,918000
39617,0,39618,384000,39618,0,39620,0,39628,8,39630,320000,39633,36,39634,918000
39717,0,39718,384000,39719,0,39720,1,39730,5,39732,320000,39735,38,39737,918000
39818,0,39820,384000,39821,0,39822,0,39842,5,39844,320000,39850,38,39852,384000
39921,0,39922,384000,39926,0,39928,0,39943,6,39945,320000,39950,57,39953,384000
40022,0,40027,384000,40028,0,40031,1,40044,5,40047,320000,40052,55,40054,384000
40124,0,40126,918000,40127,0,40129,1,40145,4,40147,320000,40153,35,40155,384000
40235,0,40238,918000,40239,0,40241,1,40258,5,40260,320000,40265,36,40267,384000
40336,0,40338,918000,40339,0,40342,0,40356,6,40358,320000,40363,52,40365,384000
40437,0,40438,918000,40439,0,40441,1,40460,6,40460,320000,40463,38,40464,1134000
40537,0,40538,1134000,40538,0,40539,1,40545,12,40545,320000,40550,42,40551,1134000
40588,0,40588,1350000,40589,0,40596,1,40619,29,40621,320000,40627,94,40628,1350000
40688,1350000,40689,1350000,40690,0,40691,1,40700,31,40701,320000,40704,0,40705,1350000
40813,1350000,40821,1026000,40821,0,40822,0,40835,37,40836,320000,40862,0,40863,1350000
40890,918000,40891,1350000,40893,918000,40894,0,40904,34,40906,320000,40908,55,40909,918000
40991,918000,40992,918000,40993,918000,40994,0,41006,29,41007,320000,41010,50,41010,1350000
41091,918000,41092,918000,41095,918000,41096,0,41112,20,41114,320000,41121,0,41122,918000
41192,1350000,41192,918000,41193,0,41194,0,41201,24,41204,320000,41207,52,41208,1350000
41293,1026000,41294,918000,41295,0,41297,0,41312,14,41314,320000,41319,27,41321,918000
41393,918000,41394,918000,41396,0,41398,0,41410,11,41412,450000,41415,44,41416,918000
41503,918000,41504,918000,41505,0,41506,0,41523,21,41524,450000,41527,46,41528,918000
41596,1242000,41601,918000,41602,0,41604,0,41618,13,41620,450000,41625,36,41627,384000
41697,918000,41699,918000,41700,0,41702,0,41723,1,41735,450000,41740,0,41742,384000
41798,0,41798,1134000,41799,0,41800,28,41806,10,41807,320000,41809,69,41809,1134000
41899,0,41900,918000,41901,0,41902,28,41909,8,41910,320000,41913,31,41914,918000
42000,0,42001,1242000,42002,0,42003,11,42009,13,42010,320000,42016,61,42018,918000
42100,0,42101,1350000,42101,0,42102,11,42111,20,42112,320000,42117,71,42118,918000
42201,0,42202,1026000,42204,0,42206,11,42215,14,42217,320000,42220,45,42221,918000
42301,0,42302,1242000,42303,0,42304,11,42316,15,42317,320000,42320,61,42321,918000
42401,0,42402,1350000,42403,0,42404,11,42417,14,42418,320000,42420,42,42421,918000
42502,0,42503,1350000,42504,0,42505,33,42513,14,42514,320000,42522,55,42524,918000
42602,0,42603,1134000,42604,0,42605,33,42613,9,42614,320000,42627,40,42631,594000
42703,0,42703,918000,42704,0,42705,11,42710,11,42711,320000,42714,40,42715,1242000
42803,0,42804,1350000,42805,0,42805,11,42811,13,42812,320000,42815,55,42815,1134000
42904,0,42905,1350000,42906,0,42907,9,42914,15,42916,320000,42918,45,42919,1134000
43004,0,43005,918000,43005,0,43006,9,43014,19,43015,320000,43017,66,43018,1242000
43104,0,43105,1350000,43106,0,43107,10,43119,34,43120,320000,43132,0,43133,1350000
43207,1134000,43208,1026000,43208,0,43209,0,43225,30,43230,320000,43234,61,43235,918000
43308,918000,43309,918000,43310,0,43312,0,43325,12,43327,320000,43331,35,43332,918000
43409,384000,43412,486000,43413,0,43416,0,43439,13,43443,320000,43454,53,43457,384000
43510,384000,43512,384000,43513,0,43515,0,43541,9,43544,320000,43557,65,43559,384000
43610,1134000,43611,810000,43612,0,43613,40,43627,17,43631,320000,43633,69,43633,1242000
43711,918000,43712,918000,43713,0,43714,40,43727,14,43729,320000,43732,35,43733,918000
43820,918000,43821,1350000,43821,0,43822,40,43830,17,43831,320000,43833,41,43835,918000
43921,0,43922,384000,43923,0,43924,6,43940,7,43944,320000,43948,0,43950,918000
44022,0,44023,384000,44024,0,44033,0,44048,5,44051,320000,44056,29,44057,918000
44122,0,44123,384000,44124,0,44134,2,44145,6,44146,320000,44150,33,44152,918000
44222,0,44235,384000,44237,0,44239,4,44272,4,44276,320000,44280,40,44280,1134000
44323,0,44332,384000,44334,0,44336,0,44356,8,44359,320000,44365,56,44368,384000
44427,0,44429,918000,44431,0,44435,0,44447,13,44448,320000,44451,53,44451,918000
44526,0,44527,1134000,44527,0,44528,0,44534,11,44535,320000,44537,41,44538,918000
44627,0,44628,918000,44630,0,44631,0,44653,9,44656,320000,44663,44,44665,384000
44727,0,44729,918000,44730,0,44732,0,44756,8,44759,320000,44767,38,44769,384000
44828,0,44829,918000,44830,0,44832,4,44855,8,44858,320000,44865,42,44867,384000
44929,0,44931,918000,44933,0,44936,1,44945,7,44946,320000,44951,36,44952,384000
45069,0,45073,0,45078,0,45080,1,45090,3,45092,320000,45097,0,45099,1134000
45130,0,45131,0,45131,0,45132,0,45137,9,45141,320000,45147,50,45158,1026000
45240,0,45241,0,45242,0,45247,6,45261,7,45263,320000,45269,58,45270,1134000
45343,0,45345,0,45345,0,45346,0,45368,10,45369,320000,45377,70,45379,1350000
45441,0,45441,0,45442,0,45443,0,45448,17,45449,320000,45451,100,45451,1350000
45541,918000,45542,918000,45542,0,45543,1,45550,15,45551,320000,45552,0,45553,1350000
45642,918000,45643,918000,45644,0,45645,1,45655,11,45658,320000,45661,33,45662,810000
45743,918000,45744,918000,45744,0,45745,1,45821,8,45822,320000,45825,51,45826,1350000
45843,918000,45844,1350000,45844,0,45845,1,45853,30,45854,320000,45856,60,45857,1350000
45943,918000,45944,918000,45945,0,45946,1,45957,7,45958,320000,45962,17,45963,918000
46046,384000,46048,384000,46050,0,46053,1,46086,7,46088,320000,46091,25,46092,384000
46147,384000,46148,384000,46150,0,46153,1,46176,6,46177,320000,46181,33,46182,384000
46246,702000,46247,702000,46248,0,46250,1,46264,3,46266,320000,46271,25,46272,384000
46347,1350000,46348,918000,46348,0,46349,1,46357,6,46358,320000,46361,12,46362,918000
46448,918000,46449,918000,46449,0,46451,1,46462,4,46464,320000,46468,14,46470,384000
46549,1242000,46551,918000,46553,0,46556,22,46578,8,46578,200000,46580,24,46581,1134000
46649,384000,46650,918000,46651,0,46652,22,46666,10,46667,128000,46672,36,46674,918000
46749,384000,46753,918000,46753,0,46755,22,46765,11,46766,450000,46771,43,46772,918000
46850,384000,46850,918000,46851,0,46852,22,46859,7,46860,450000,46862,33,46865,1134000
46950,0,46956,918000,46957,0,46958,22,46970,6,46971,450000,46977,0,46979,810000
47058,0,47059,918000,47060,0,47063,22,47077,7,47079,450000,47084,35,47086,384000
47157,0,47159,918000,47160,0,47164,22,47179,5,47181,450000,47195,40,47196,384000
47256,0,47257,918000,47258,0,47259,31,47267,5,47268,450000,47270,42,47271,384000
47358,0,47360,384000,47361,0,47364,0,47377,7,47378,320000,47382,47,47384,384000
47459,0,47460,918000,47460,0,47461,0,47475,5,47476,320000,47569,50,47570,1134000
47571,0,47571,918000,47572,0,47572,0,47579,12,47579,320000,47581,52,47582,1350000
47661,0,47662,918000,47662,0,47665,0,47681,7,47683,320000,47686,42,47687,918000
47762,0,47763,384000,47764,0,47766,0,47775,8,47780,320000,47787,40,47789,918000
47862,0,47863,1134000,47864,0,47868,0,47876,9,47877,200000,47879,28,47880,1134000
47962,0,47963,1134000,47964,0,47965,0,47971,6,47972,200000,47975,18,47976,1134000
48063,0,48063,1350000,48064,0,48065,0,48071,25,48072,200000,48074,83,48075,1350000
48166,0,48168,1242000,48168,0,48170,0,48183,18,48184,200000,48187,66,48195,1134000
48266,384000,48267,1134000,48268,0,48269,0,48285,23,48286,200000,48288,0,48289,1350000
48367,918000,48368,918000,48369,918000,48370,20,48385,25,48386,450000,48388,0,48389,918000
48470,1350000,48471,918000,48472,918000,48473,20,48483,29,48484,450000,48487,42,48487,1350000
48571,918000,48572,918000,48573,918000,48574,20,48588,12,48589,450000,48592,26,48594,918000
48671,918000,48673,486000,48675,918000,48677,20,48688,9,48689,450000,48692,17,48692,384000
48773,486000,48774,384000,48775,0,48776,20,48798,8,48799,450000,48802,0,48803,702000
48873,918000,48873,384000,48874,0,48875,20,48886,8,48887,450000,48891,32,48892,1350000
48973,918000,48974,384000,48974,0,48975,30,48984,4,48985,320000,48988,21,48989,1350000
49073,918000,49074,384000,49075,0,49076,0,49159,4,49160,320000,49162,30,49163,702000
49174,918000,49174,1242000,49175,0,49176,0,49185,16,49186,320000,49188,66,49188,918000
49277,918000,49278,918000,49279,0,49280,0,49298,8,49299,320000,49304,34,49305,918000
49379,918000,49381,918000,49381,0,49382,0,49399,16,49400,450000,49403,36,49404,918000
49429,918000,49429,918000,49430,0,49430,0,49436,11,49437,450000,49439,30,49439,1350000
49529,918000,49530,918000,49530,0,49531,0,49538,21,49538,450000,49540,56,49541,1242000
49629,1350000,49630,918000,49631,0,49631,0,49637,27,49637,450000,49639,55,49640,1350000
49730,1350000,49730,918000,49731,0,49732,0,49739,20,49740,450000,49744,42,49746,918000
49830,0,49831,918000,49832,0,49834,0,49843,7,49845,450000,49851,0,49853,594000
49931,0,49932,918000,49933,0,49934,0,49943,7,49944,450000,49951,42,49952,702000
50082,0,50084,918000,50085,0,50087,31,50101,5,50103,450000,50113,32,50116,384000
50133,0,50134,918000,50136,0,50138,31,50152,8,50155,450000,50160,55,50162,384000
50286,0,50287,918000,50288,0,50289,31,50297,13,50298,320000,50301,66,50302,918000
50386,1350000,50387,1134000,50387,0,50388,12,50395,18,50396,320000,50398,0,50398,1134000
50486,1350000,50487,918000,50488,0,50489,12,50496,22,50497,320000,50500,44,50501,918000
50587,384000,50588,918000,50589,0,50591,12,50600,3,50602,320000,50608,17,50610,810000
50690,0,50691,918000,50692,0,50693,12,50700,8,50701,320000,50704,0,50705,918000
50741,0,50742,918000,50743,0,50746,12,50762,9,50763,320000,50767,61,50768,384000
50842,0,50843,918000,50844,0,50851,12,50904,8,50905,320000,50908,42,50909,1350000
50942,0,50943,918000,50944,0,50945,12,50952,15,50953,200000,50955,40,50956,1134000
51043,0,51047,384000,51049,0,51051,12,51069,6,51072,200000,51080,37,51081,384000
51144,0,51144,1134000,51145,0,51146,12,51151,5,51152,128000,51158,21,51159,384000
51250,0,51252,0,51256,0,51271,12,51282,3,51283,128000,51285,0,51286,1134000
51345,0,51346,0,51346,0,51348,19,51352,9,51360,320000,51363,62,51364,1026000
51496,0,51497,0,51497,0,51498,19,51504,6,51505,320000,51509,50,51510,918000
51546,0,51548,0,51549,0,51550,19,51573,5,51593,320000,51598,75,51599,1026000
51646,0,51647,0,51647,0,51648,19,51652,9,51653,320000,51658,40,51664,1242000
51747,0,51750,0,51751,0,51753,19,51799,4,51800,320000,51802,50,51803,1134000
51849,0,51849,0,51850,0,51850,15,51860,10,51861,320000,51863,66,51863,1350000
51949,0,51950,0,51951,0,51952,15,51964,6,51965,320000,51971,36,51972,702000
52050,0,52052,0,52054,0,52057,15,52083,3,52085,320000,52107,54,52108,1134000
52151,0,52156,0,52157,0,52158,20,52164,7,52165,320000,52168,62,52170,918000
52257,0,52258,0,52259,0,52261,20,52274,4,52276,320000,52280,44,52282,486000
52353,0,52357,0,52357,0,52359,20,52364,6,52365,320000,52368,62,52369,1026000
52453,0,52454,0,52455,0,52456,20,52463,6,52473,320000,52478,54,52479,594000
52557,0,52558,0,52559,0,52561,19,52573,6,52574,320000,52580,50,52582,594000
52666,0,52666,0,52667,0,52669,16,52675,5,52676,320000,52685,60,52686,1134000
52766,0,52767,0,52768,0,52770,0,52774,11,52775,320000,,,,
,,,,,,,,,,,,,,,
,,,,,,,,,,,,,,,
System Statistics:,,,,,,,,,,,,,,,
Sensor Id,Name,Type,Average,,,,,,,,,,,,
400,GPU Frequency,GPU Frequency [KHz],265681.5534,,,,,,,,,,,,
401,GPU Load,GPU Load [%],21.9631068,,,,,,,,,,,,
600,CPU Load,CPU Load [%],45.14007782,,,,,,,,,,,,
601,CPU Load (Normalized),CPU Load [%],14.12621359,,,,,,,,,,,,
1000,CPU1 Frequency,CPU Frequency [kHz],895505.8366,,,,,,,,,,,,
1001,CPU2 Frequency,CPU Frequency [kHz],844846.6019,,,,,,,,,,,,
1002,CPU3 Frequency,CPU Frequency [kHz],333518.4466,,,,,,,,,,,,
1003,CPU4 Frequency,CPU Frequency [kHz],143860.1942,,,,,,,,,,,,
